batch_id,run_date,ingot_len_mm,zone_len_mm,speed_mm_hr,temp_c,n_passes,atmosphere,head_crop_frac,analysis_method,x_mm,x_norm,element,value_ppm,lod_ppm,censored,c0_ppm
IN-26001,2026-01-03,500.0,50.0,1.54,186.6,8,Ar,0.03,GDMS,15.0,0.03,Cu,<0.005,0.005,1,4.8526
IN-26001,2026-01-03,500.0,50.0,1.54,186.6,8,Ar,0.03,GDMS,47.1,0.0943,Cu,<0.005,0.005,1,4.8526
IN-26001,2026-01-03,500.0,50.0,1.54,186.6,8,Ar,0.03,GDMS,97.0,0.194,Cu,<0.005,0.005,1,4.8526
IN-26001,2026-01-03,500.0,50.0,1.54,186.6,8,Ar,0.03,GDMS,156.8,0.3135,Cu,<0.005,0.005,1,4.8526
IN-26001,2026-01-03,500.0,50.0,1.54,186.6,8,Ar,0.03,GDMS,224.1,0.4481,Cu,<0.005,0.005,1,4.8526
IN-26001,2026-01-03,500.0,50.0,1.54,186.6,8,Ar,0.03,GDMS,297.5,0.5951,Cu,<0.005,0.005,1,4.8526
IN-26001,2026-01-03,500.0,50.0,1.54,186.6,8,Ar,0.03,GDMS,376.4,0.7528,Cu,0.0084,0.005,0,4.8526
IN-26001,2026-01-03,500.0,50.0,1.54,186.6,8,Ar,0.03,GDMS,460.0,0.92,Cu,4.7697,0.005,0,4.8526
IN-26001,2026-01-03,500.0,50.0,1.54,186.6,8,Ar,0.03,GDMS,15.0,0.03,Fe,<0.01,0.01,1,3.6998
IN-26001,2026-01-03,500.0,50.0,1.54,186.6,8,Ar,0.03,GDMS,47.1,0.0943,Fe,<0.01,0.01,1,3.6998
IN-26001,2026-01-03,500.0,50.0,1.54,186.6,8,Ar,0.03,GDMS,97.0,0.194,Fe,<0.01,0.01,1,3.6998
IN-26001,2026-01-03,500.0,50.0,1.54,186.6,8,Ar,0.03,GDMS,156.8,0.3135,Fe,<0.01,0.01,1,3.6998
IN-26001,2026-01-03,500.0,50.0,1.54,186.6,8,Ar,0.03,GDMS,224.1,0.4481,Fe,0.0252,0.01,0,3.6998
IN-26001,2026-01-03,500.0,50.0,1.54,186.6,8,Ar,0.03,GDMS,297.5,0.5951,Fe,0.0438,0.01,0,3.6998
IN-26001,2026-01-03,500.0,50.0,1.54,186.6,8,Ar,0.03,GDMS,376.4,0.7528,Fe,0.1515,0.01,0,3.6998
IN-26001,2026-01-03,500.0,50.0,1.54,186.6,8,Ar,0.03,GDMS,460.0,0.92,Fe,9.1637,0.01,0,3.6998
IN-26001,2026-01-03,500.0,50.0,1.54,186.6,8,Ar,0.03,GDMS,15.0,0.03,Ni,<0.01,0.01,1,1.3668
IN-26001,2026-01-03,500.0,50.0,1.54,186.6,8,Ar,0.03,GDMS,47.1,0.0943,Ni,0.0144,0.01,0,1.3668
IN-26001,2026-01-03,500.0,50.0,1.54,186.6,8,Ar,0.03,GDMS,97.0,0.194,Ni,0.02,0.01,0,1.3668
IN-26001,2026-01-03,500.0,50.0,1.54,186.6,8,Ar,0.03,GDMS,156.8,0.3135,Ni,0.0389,0.01,0,1.3668
IN-26001,2026-01-03,500.0,50.0,1.54,186.6,8,Ar,0.03,GDMS,224.1,0.4481,Ni,0.0765,0.01,0,1.3668
IN-26001,2026-01-03,500.0,50.0,1.54,186.6,8,Ar,0.03,GDMS,297.5,0.5951,Ni,0.1231,0.01,0,1.3668
IN-26001,2026-01-03,500.0,50.0,1.54,186.6,8,Ar,0.03,GDMS,376.4,0.7528,Ni,0.2897,0.01,0,1.3668
IN-26001,2026-01-03,500.0,50.0,1.54,186.6,8,Ar,0.03,GDMS,460.0,0.92,Ni,4.3603,0.01,0,1.3668
IN-26001,2026-01-03,500.0,50.0,1.54,186.6,8,Ar,0.03,GDMS,15.0,0.03,Sn,0.077,0.005,0,1.8877
IN-26001,2026-01-03,500.0,50.0,1.54,186.6,8,Ar,0.03,GDMS,47.1,0.0943,Sn,0.1147,0.005,0,1.8877
IN-26001,2026-01-03,500.0,50.0,1.54,186.6,8,Ar,0.03,GDMS,97.0,0.194,Sn,0.1874,0.005,0,1.8877
IN-26001,2026-01-03,500.0,50.0,1.54,186.6,8,Ar,0.03,GDMS,156.8,0.3135,Sn,0.4223,0.005,0,1.8877
IN-26001,2026-01-03,500.0,50.0,1.54,186.6,8,Ar,0.03,GDMS,224.1,0.4481,Sn,0.4605,0.005,0,1.8877
IN-26001,2026-01-03,500.0,50.0,1.54,186.6,8,Ar,0.03,GDMS,297.5,0.5951,Sn,0.7728,0.005,0,1.8877
IN-26001,2026-01-03,500.0,50.0,1.54,186.6,8,Ar,0.03,GDMS,376.4,0.7528,Sn,1.2891,0.005,0,1.8877
IN-26001,2026-01-03,500.0,50.0,1.54,186.6,8,Ar,0.03,GDMS,460.0,0.92,Sn,6.9068,0.005,0,1.8877
IN-26002,2026-01-09,500.0,50.0,5.1,171.0,10,Ar,0.03,GDMS,15.0,0.03,Cu,<0.005,0.005,1,5.7306
IN-26002,2026-01-09,500.0,50.0,5.1,171.0,10,Ar,0.03,GDMS,47.1,0.0943,Cu,<0.005,0.005,1,5.7306
IN-26002,2026-01-09,500.0,50.0,5.1,171.0,10,Ar,0.03,GDMS,97.0,0.194,Cu,<0.005,0.005,1,5.7306
IN-26002,2026-01-09,500.0,50.0,5.1,171.0,10,Ar,0.03,GDMS,156.8,0.3135,Cu,0.0115,0.005,0,5.7306
IN-26002,2026-01-09,500.0,50.0,5.1,171.0,10,Ar,0.03,GDMS,224.1,0.4481,Cu,0.0229,0.005,0,5.7306
IN-26002,2026-01-09,500.0,50.0,5.1,171.0,10,Ar,0.03,GDMS,297.5,0.5951,Cu,0.052,0.005,0,5.7306
IN-26002,2026-01-09,500.0,50.0,5.1,171.0,10,Ar,0.03,GDMS,376.4,0.7528,Cu,0.3795,0.005,0,5.7306
IN-26002,2026-01-09,500.0,50.0,5.1,171.0,10,Ar,0.03,GDMS,460.0,0.92,Cu,17.5889,0.005,0,5.7306
IN-26002,2026-01-09,500.0,50.0,5.1,171.0,10,Ar,0.03,GDMS,15.0,0.03,Fe,0.0185,0.01,0,2.6459
IN-26002,2026-01-09,500.0,50.0,5.1,171.0,10,Ar,0.03,GDMS,47.1,0.0943,Fe,0.0311,0.01,0,2.6459
IN-26002,2026-01-09,500.0,50.0,5.1,171.0,10,Ar,0.03,GDMS,97.0,0.194,Fe,0.0471,0.01,0,2.6459
IN-26002,2026-01-09,500.0,50.0,5.1,171.0,10,Ar,0.03,GDMS,156.8,0.3135,Fe,0.1108,0.01,0,2.6459
IN-26002,2026-01-09,500.0,50.0,5.1,171.0,10,Ar,0.03,GDMS,224.1,0.4481,Fe,0.1658,0.01,0,2.6459
IN-26002,2026-01-09,500.0,50.0,5.1,171.0,10,Ar,0.03,GDMS,297.5,0.5951,Fe,0.3279,0.01,0,2.6459
IN-26002,2026-01-09,500.0,50.0,5.1,171.0,10,Ar,0.03,GDMS,376.4,0.7528,Fe,0.7918,0.01,0,2.6459
IN-26002,2026-01-09,500.0,50.0,5.1,171.0,10,Ar,0.03,GDMS,460.0,0.92,Fe,9.0221,0.01,0,2.6459
IN-26002,2026-01-09,500.0,50.0,5.1,171.0,10,Ar,0.03,GDMS,15.0,0.03,Ni,0.0254,0.01,0,1.4597
IN-26002,2026-01-09,500.0,50.0,5.1,171.0,10,Ar,0.03,GDMS,47.1,0.0943,Ni,0.0609,0.01,0,1.4597
IN-26002,2026-01-09,500.0,50.0,5.1,171.0,10,Ar,0.03,GDMS,97.0,0.194,Ni,0.1201,0.01,0,1.4597
IN-26002,2026-01-09,500.0,50.0,5.1,171.0,10,Ar,0.03,GDMS,156.8,0.3135,Ni,0.1603,0.01,0,1.4597
IN-26002,2026-01-09,500.0,50.0,5.1,171.0,10,Ar,0.03,GDMS,224.1,0.4481,Ni,0.23,0.01,0,1.4597
IN-26002,2026-01-09,500.0,50.0,5.1,171.0,10,Ar,0.03,GDMS,297.5,0.5951,Ni,0.3914,0.01,0,1.4597
IN-26002,2026-01-09,500.0,50.0,5.1,171.0,10,Ar,0.03,GDMS,376.4,0.7528,Ni,1.0246,0.01,0,1.4597
IN-26002,2026-01-09,500.0,50.0,5.1,171.0,10,Ar,0.03,GDMS,460.0,0.92,Ni,5.4822,0.01,0,1.4597
IN-26002,2026-01-09,500.0,50.0,5.1,171.0,10,Ar,0.03,GDMS,15.0,0.03,Sn,0.0983,0.005,0,2.0372
IN-26002,2026-01-09,500.0,50.0,5.1,171.0,10,Ar,0.03,GDMS,47.1,0.0943,Sn,0.1931,0.005,0,2.0372
IN-26002,2026-01-09,500.0,50.0,5.1,171.0,10,Ar,0.03,GDMS,97.0,0.194,Sn,0.3063,0.005,0,2.0372
IN-26002,2026-01-09,500.0,50.0,5.1,171.0,10,Ar,0.03,GDMS,156.8,0.3135,Sn,0.419,0.005,0,2.0372
IN-26002,2026-01-09,500.0,50.0,5.1,171.0,10,Ar,0.03,GDMS,224.1,0.4481,Sn,0.5193,0.005,0,2.0372
IN-26002,2026-01-09,500.0,50.0,5.1,171.0,10,Ar,0.03,GDMS,297.5,0.5951,Sn,0.8481,0.005,0,2.0372
IN-26002,2026-01-09,500.0,50.0,5.1,171.0,10,Ar,0.03,GDMS,376.4,0.7528,Sn,1.786,0.005,0,2.0372
IN-26002,2026-01-09,500.0,50.0,5.1,171.0,10,Ar,0.03,GDMS,460.0,0.92,Sn,8.3609,0.005,0,2.0372
IN-26003,2026-01-15,500.0,50.0,4.3,175.3,8,Ar,0.03,GDMS,15.0,0.03,Cu,<0.005,0.005,1,4.2319
IN-26003,2026-01-15,500.0,50.0,4.3,175.3,8,Ar,0.03,GDMS,47.1,0.0943,Cu,<0.005,0.005,1,4.2319
IN-26003,2026-01-15,500.0,50.0,4.3,175.3,8,Ar,0.03,GDMS,97.0,0.194,Cu,<0.005,0.005,1,4.2319
IN-26003,2026-01-15,500.0,50.0,4.3,175.3,8,Ar,0.03,GDMS,156.8,0.3135,Cu,0.0082,0.005,0,4.2319
IN-26003,2026-01-15,500.0,50.0,4.3,175.3,8,Ar,0.03,GDMS,224.1,0.4481,Cu,0.018,0.005,0,4.2319
IN-26003,2026-01-15,500.0,50.0,4.3,175.3,8,Ar,0.03,GDMS,297.5,0.5951,Cu,0.0341,0.005,0,4.2319
IN-26003,2026-01-15,500.0,50.0,4.3,175.3,8,Ar,0.03,GDMS,376.4,0.7528,Cu,0.1777,0.005,0,4.2319
IN-26003,2026-01-15,500.0,50.0,4.3,175.3,8,Ar,0.03,GDMS,460.0,0.92,Cu,8.0862,0.005,0,4.2319
IN-26003,2026-01-15,500.0,50.0,4.3,175.3,8,Ar,0.03,GDMS,15.0,0.03,Fe,0.0292,0.01,0,3.2682
IN-26003,2026-01-15,500.0,50.0,4.3,175.3,8,Ar,0.03,GDMS,47.1,0.0943,Fe,0.0529,0.01,0,3.2682
IN-26003,2026-01-15,500.0,50.0,4.3,175.3,8,Ar,0.03,GDMS,97.0,0.194,Fe,0.1094,0.01,0,3.2682
IN-26003,2026-01-15,500.0,50.0,4.3,175.3,8,Ar,0.03,GDMS,156.8,0.3135,Fe,0.1764,0.01,0,3.2682
IN-26003,2026-01-15,500.0,50.0,4.3,175.3,8,Ar,0.03,GDMS,224.1,0.4481,Fe,0.2867,0.01,0,3.2682
IN-26003,2026-01-15,500.0,50.0,4.3,175.3,8,Ar,0.03,GDMS,297.5,0.5951,Fe,0.49,0.01,0,3.2682
IN-26003,2026-01-15,500.0,50.0,4.3,175.3,8,Ar,0.03,GDMS,376.4,0.7528,Fe,0.921,0.01,0,3.2682
IN-26003,2026-01-15,500.0,50.0,4.3,175.3,8,Ar,0.03,GDMS,460.0,0.92,Fe,9.5784,0.01,0,3.2682
IN-26003,2026-01-15,500.0,50.0,4.3,175.3,8,Ar,0.03,GDMS,15.0,0.03,Ni,0.0426,0.01,0,1.4475
IN-26003,2026-01-15,500.0,50.0,4.3,175.3,8,Ar,0.03,GDMS,47.1,0.0943,Ni,0.0488,0.01,0,1.4475
IN-26003,2026-01-15,500.0,50.0,4.3,175.3,8,Ar,0.03,GDMS,97.0,0.194,Ni,0.1181,0.01,0,1.4475
IN-26003,2026-01-15,500.0,50.0,4.3,175.3,8,Ar,0.03,GDMS,156.8,0.3135,Ni,0.194,0.01,0,1.4475
IN-26003,2026-01-15,500.0,50.0,4.3,175.3,8,Ar,0.03,GDMS,224.1,0.4481,Ni,0.2575,0.01,0,1.4475
IN-26003,2026-01-15,500.0,50.0,4.3,175.3,8,Ar,0.03,GDMS,297.5,0.5951,Ni,0.46,0.01,0,1.4475
IN-26003,2026-01-15,500.0,50.0,4.3,175.3,8,Ar,0.03,GDMS,376.4,0.7528,Ni,0.8231,0.01,0,1.4475
IN-26003,2026-01-15,500.0,50.0,4.3,175.3,8,Ar,0.03,GDMS,460.0,0.92,Ni,5.4355,0.01,0,1.4475
IN-26003,2026-01-15,500.0,50.0,4.3,175.3,8,Ar,0.03,GDMS,15.0,0.03,Sn,0.1617,0.005,0,1.7528
IN-26003,2026-01-15,500.0,50.0,4.3,175.3,8,Ar,0.03,GDMS,47.1,0.0943,Sn,0.2685,0.005,0,1.7528
IN-26003,2026-01-15,500.0,50.0,4.3,175.3,8,Ar,0.03,GDMS,97.0,0.194,Sn,0.2603,0.005,0,1.7528
IN-26003,2026-01-15,500.0,50.0,4.3,175.3,8,Ar,0.03,GDMS,156.8,0.3135,Sn,0.5569,0.005,0,1.7528
IN-26003,2026-01-15,500.0,50.0,4.3,175.3,8,Ar,0.03,GDMS,224.1,0.4481,Sn,0.6187,0.005,0,1.7528
IN-26003,2026-01-15,500.0,50.0,4.3,175.3,8,Ar,0.03,GDMS,297.5,0.5951,Sn,0.897,0.005,0,1.7528
IN-26003,2026-01-15,500.0,50.0,4.3,175.3,8,Ar,0.03,GDMS,376.4,0.7528,Sn,1.4046,0.005,0,1.7528
IN-26003,2026-01-15,500.0,50.0,4.3,175.3,8,Ar,0.03,GDMS,460.0,0.92,Sn,6.7653,0.005,0,1.7528
IN-26004,2026-01-21,500.0,50.0,2.35,167.5,12,Ar,0.03,GDMS,15.0,0.03,Cu,<0.005,0.005,1,5.6471
IN-26004,2026-01-21,500.0,50.0,2.35,167.5,12,Ar,0.03,GDMS,47.1,0.0943,Cu,<0.005,0.005,1,5.6471
IN-26004,2026-01-21,500.0,50.0,2.35,167.5,12,Ar,0.03,GDMS,97.0,0.194,Cu,<0.005,0.005,1,5.6471
IN-26004,2026-01-21,500.0,50.0,2.35,167.5,12,Ar,0.03,GDMS,156.8,0.3135,Cu,<0.005,0.005,1,5.6471
IN-26004,2026-01-21,500.0,50.0,2.35,167.5,12,Ar,0.03,GDMS,224.1,0.4481,Cu,<0.005,0.005,1,5.6471
IN-26004,2026-01-21,500.0,50.0,2.35,167.5,12,Ar,0.03,GDMS,297.5,0.5951,Cu,<0.005,0.005,1,5.6471
IN-26004,2026-01-21,500.0,50.0,2.35,167.5,12,Ar,0.03,GDMS,376.4,0.7528,Cu,<0.005,0.005,1,5.6471
IN-26004,2026-01-21,500.0,50.0,2.35,167.5,12,Ar,0.03,GDMS,460.0,0.92,Cu,4.9638,0.005,0,5.6471
IN-26004,2026-01-21,500.0,50.0,2.35,167.5,12,Ar,0.03,GDMS,15.0,0.03,Fe,<0.01,0.01,1,2.7919
IN-26004,2026-01-21,500.0,50.0,2.35,167.5,12,Ar,0.03,GDMS,47.1,0.0943,Fe,<0.01,0.01,1,2.7919
IN-26004,2026-01-21,500.0,50.0,2.35,167.5,12,Ar,0.03,GDMS,97.0,0.194,Fe,<0.01,0.01,1,2.7919
IN-26004,2026-01-21,500.0,50.0,2.35,167.5,12,Ar,0.03,GDMS,156.8,0.3135,Fe,<0.01,0.01,1,2.7919
IN-26004,2026-01-21,500.0,50.0,2.35,167.5,12,Ar,0.03,GDMS,224.1,0.4481,Fe,<0.01,0.01,1,2.7919
IN-26004,2026-01-21,500.0,50.0,2.35,167.5,12,Ar,0.03,GDMS,297.5,0.5951,Fe,<0.01,0.01,1,2.7919
IN-26004,2026-01-21,500.0,50.0,2.35,167.5,12,Ar,0.03,GDMS,376.4,0.7528,Fe,0.0477,0.01,0,2.7919
IN-26004,2026-01-21,500.0,50.0,2.35,167.5,12,Ar,0.03,GDMS,460.0,0.92,Fe,5.2891,0.01,0,2.7919
IN-26004,2026-01-21,500.0,50.0,2.35,167.5,12,Ar,0.03,GDMS,15.0,0.03,Ni,<0.01,0.01,1,1.5502
IN-26004,2026-01-21,500.0,50.0,2.35,167.5,12,Ar,0.03,GDMS,47.1,0.0943,Ni,<0.01,0.01,1,1.5502
IN-26004,2026-01-21,500.0,50.0,2.35,167.5,12,Ar,0.03,GDMS,97.0,0.194,Ni,<0.01,0.01,1,1.5502
IN-26004,2026-01-21,500.0,50.0,2.35,167.5,12,Ar,0.03,GDMS,156.8,0.3135,Ni,<0.01,0.01,1,1.5502
IN-26004,2026-01-21,500.0,50.0,2.35,167.5,12,Ar,0.03,GDMS,224.1,0.4481,Ni,<0.01,0.01,1,1.5502
IN-26004,2026-01-21,500.0,50.0,2.35,167.5,12,Ar,0.03,GDMS,297.5,0.5951,Ni,<0.01,0.01,1,1.5502
IN-26004,2026-01-21,500.0,50.0,2.35,167.5,12,Ar,0.03,GDMS,376.4,0.7528,Ni,0.1053,0.01,0,1.5502
IN-26004,2026-01-21,500.0,50.0,2.35,167.5,12,Ar,0.03,GDMS,460.0,0.92,Ni,4.9169,0.01,0,1.5502
IN-26004,2026-01-21,500.0,50.0,2.35,167.5,12,Ar,0.03,GDMS,15.0,0.03,Sn,<0.005,0.005,1,1.9425
IN-26004,2026-01-21,500.0,50.0,2.35,167.5,12,Ar,0.03,GDMS,47.1,0.0943,Sn,0.0054,0.005,0,1.9425
IN-26004,2026-01-21,500.0,50.0,2.35,167.5,12,Ar,0.03,GDMS,97.0,0.194,Sn,0.0101,0.005,0,1.9425
IN-26004,2026-01-21,500.0,50.0,2.35,167.5,12,Ar,0.03,GDMS,156.8,0.3135,Sn,0.0209,0.005,0,1.9425
IN-26004,2026-01-21,500.0,50.0,2.35,167.5,12,Ar,0.03,GDMS,224.1,0.4481,Sn,0.0484,0.005,0,1.9425
IN-26004,2026-01-21,500.0,50.0,2.35,167.5,12,Ar,0.03,GDMS,297.5,0.5951,Sn,0.0975,0.005,0,1.9425
IN-26004,2026-01-21,500.0,50.0,2.35,167.5,12,Ar,0.03,GDMS,376.4,0.7528,Sn,0.5715,0.005,0,1.9425
IN-26004,2026-01-21,500.0,50.0,2.35,167.5,12,Ar,0.03,GDMS,460.0,0.92,Sn,7.7446,0.005,0,1.9425
IN-26005,2026-02-03,500.0,50.0,4.58,177.3,10,Ar,0.03,GDMS,15.0,0.03,Cu,<0.005,0.005,1,5.0624
IN-26005,2026-02-03,500.0,50.0,4.58,177.3,10,Ar,0.03,GDMS,47.1,0.0943,Cu,<0.005,0.005,1,5.0624
IN-26005,2026-02-03,500.0,50.0,4.58,177.3,10,Ar,0.03,GDMS,97.0,0.194,Cu,<0.005,0.005,1,5.0624
IN-26005,2026-02-03,500.0,50.0,4.58,177.3,10,Ar,0.03,GDMS,156.8,0.3135,Cu,<0.005,0.005,1,5.0624
IN-26005,2026-02-03,500.0,50.0,4.58,177.3,10,Ar,0.03,GDMS,224.1,0.4481,Cu,0.0081,0.005,0,5.0624
IN-26005,2026-02-03,500.0,50.0,4.58,177.3,10,Ar,0.03,GDMS,297.5,0.5951,Cu,0.0199,0.005,0,5.0624
IN-26005,2026-02-03,500.0,50.0,4.58,177.3,10,Ar,0.03,GDMS,376.4,0.7528,Cu,0.1691,0.005,0,5.0624
IN-26005,2026-02-03,500.0,50.0,4.58,177.3,10,Ar,0.03,GDMS,460.0,0.92,Cu,13.3253,0.005,0,5.0624
IN-26005,2026-02-03,500.0,50.0,4.58,177.3,10,Ar,0.03,GDMS,15.0,0.03,Fe,0.0115,0.01,0,2.9851
IN-26005,2026-02-03,500.0,50.0,4.58,177.3,10,Ar,0.03,GDMS,47.1,0.0943,Fe,0.0285,0.01,0,2.9851
IN-26005,2026-02-03,500.0,50.0,4.58,177.3,10,Ar,0.03,GDMS,97.0,0.194,Fe,0.0528,0.01,0,2.9851
IN-26005,2026-02-03,500.0,50.0,4.58,177.3,10,Ar,0.03,GDMS,156.8,0.3135,Fe,0.0822,0.01,0,2.9851
IN-26005,2026-02-03,500.0,50.0,4.58,177.3,10,Ar,0.03,GDMS,224.1,0.4481,Fe,0.1741,0.01,0,2.9851
IN-26005,2026-02-03,500.0,50.0,4.58,177.3,10,Ar,0.03,GDMS,297.5,0.5951,Fe,0.2807,0.01,0,2.9851
IN-26005,2026-02-03,500.0,50.0,4.58,177.3,10,Ar,0.03,GDMS,376.4,0.7528,Fe,0.7485,0.01,0,2.9851
IN-26005,2026-02-03,500.0,50.0,4.58,177.3,10,Ar,0.03,GDMS,460.0,0.92,Fe,10.4203,0.01,0,2.9851
IN-26005,2026-02-03,500.0,50.0,4.58,177.3,10,Ar,0.03,GDMS,15.0,0.03,Ni,0.0314,0.01,0,1.4729
IN-26005,2026-02-03,500.0,50.0,4.58,177.3,10,Ar,0.03,GDMS,47.1,0.0943,Ni,0.0567,0.01,0,1.4729
IN-26005,2026-02-03,500.0,50.0,4.58,177.3,10,Ar,0.03,GDMS,97.0,0.194,Ni,0.0687,0.01,0,1.4729
IN-26005,2026-02-03,500.0,50.0,4.58,177.3,10,Ar,0.03,GDMS,156.8,0.3135,Ni,0.1475,0.01,0,1.4729
IN-26005,2026-02-03,500.0,50.0,4.58,177.3,10,Ar,0.03,GDMS,224.1,0.4481,Ni,0.2618,0.01,0,1.4729
IN-26005,2026-02-03,500.0,50.0,4.58,177.3,10,Ar,0.03,GDMS,297.5,0.5951,Ni,0.4473,0.01,0,1.4729
IN-26005,2026-02-03,500.0,50.0,4.58,177.3,10,Ar,0.03,GDMS,376.4,0.7528,Ni,0.96,0.01,0,1.4729
IN-26005,2026-02-03,500.0,50.0,4.58,177.3,10,Ar,0.03,GDMS,460.0,0.92,Ni,5.8324,0.01,0,1.4729
IN-26005,2026-02-03,500.0,50.0,4.58,177.3,10,Ar,0.03,GDMS,15.0,0.03,Sn,0.1154,0.005,0,1.8673
IN-26005,2026-02-03,500.0,50.0,4.58,177.3,10,Ar,0.03,GDMS,47.1,0.0943,Sn,0.2138,0.005,0,1.8673
IN-26005,2026-02-03,500.0,50.0,4.58,177.3,10,Ar,0.03,GDMS,97.0,0.194,Sn,0.2209,0.005,0,1.8673
IN-26005,2026-02-03,500.0,50.0,4.58,177.3,10,Ar,0.03,GDMS,156.8,0.3135,Sn,0.3721,0.005,0,1.8673
IN-26005,2026-02-03,500.0,50.0,4.58,177.3,10,Ar,0.03,GDMS,224.1,0.4481,Sn,0.5597,0.005,0,1.8673
IN-26005,2026-02-03,500.0,50.0,4.58,177.3,10,Ar,0.03,GDMS,297.5,0.5951,Sn,0.6497,0.005,0,1.8673
IN-26005,2026-02-03,500.0,50.0,4.58,177.3,10,Ar,0.03,GDMS,376.4,0.7528,Sn,1.5134,0.005,0,1.8673
IN-26005,2026-02-03,500.0,50.0,4.58,177.3,10,Ar,0.03,GDMS,460.0,0.92,Sn,6.8421,0.005,0,1.8673
IN-26006,2026-02-09,500.0,50.0,3.11,184.7,6,Ar,0.03,GDMS,15.0,0.03,Cu,<0.005,0.005,1,4.5572
IN-26006,2026-02-09,500.0,50.0,3.11,184.7,6,Ar,0.03,GDMS,47.1,0.0943,Cu,<0.005,0.005,1,4.5572
IN-26006,2026-02-09,500.0,50.0,3.11,184.7,6,Ar,0.03,GDMS,97.0,0.194,Cu,<0.005,0.005,1,4.5572
IN-26006,2026-02-09,500.0,50.0,3.11,184.7,6,Ar,0.03,GDMS,156.8,0.3135,Cu,0.0085,0.005,0,4.5572
IN-26006,2026-02-09,500.0,50.0,3.11,184.7,6,Ar,0.03,GDMS,224.1,0.4481,Cu,0.0187,0.005,0,4.5572
IN-26006,2026-02-09,500.0,50.0,3.11,184.7,6,Ar,0.03,GDMS,297.5,0.5951,Cu,0.0386,0.005,0,4.5572
IN-26006,2026-02-09,500.0,50.0,3.11,184.7,6,Ar,0.03,GDMS,376.4,0.7528,Cu,0.1142,0.005,0,4.5572
IN-26006,2026-02-09,500.0,50.0,3.11,184.7,6,Ar,0.03,GDMS,460.0,0.92,Cu,6.3789,0.005,0,4.5572
IN-26006,2026-02-09,500.0,50.0,3.11,184.7,6,Ar,0.03,GDMS,15.0,0.03,Fe,0.0322,0.01,0,3.907
IN-26006,2026-02-09,500.0,50.0,3.11,184.7,6,Ar,0.03,GDMS,47.1,0.0943,Fe,0.0763,0.01,0,3.907
IN-26006,2026-02-09,500.0,50.0,3.11,184.7,6,Ar,0.03,GDMS,97.0,0.194,Fe,0.1332,0.01,0,3.907
IN-26006,2026-02-09,500.0,50.0,3.11,184.7,6,Ar,0.03,GDMS,156.8,0.3135,Fe,0.2304,0.01,0,3.907
IN-26006,2026-02-09,500.0,50.0,3.11,184.7,6,Ar,0.03,GDMS,224.1,0.4481,Fe,0.3959,0.01,0,3.907
IN-26006,2026-02-09,500.0,50.0,3.11,184.7,6,Ar,0.03,GDMS,297.5,0.5951,Fe,0.6214,0.01,0,3.907
IN-26006,2026-02-09,500.0,50.0,3.11,184.7,6,Ar,0.03,GDMS,376.4,0.7528,Fe,1.2288,0.01,0,3.907
IN-26006,2026-02-09,500.0,50.0,3.11,184.7,6,Ar,0.03,GDMS,460.0,0.92,Fe,12.7328,0.01,0,3.907
IN-26006,2026-02-09,500.0,50.0,3.11,184.7,6,Ar,0.03,GDMS,15.0,0.03,Ni,0.0402,0.01,0,1.2993
IN-26006,2026-02-09,500.0,50.0,3.11,184.7,6,Ar,0.03,GDMS,47.1,0.0943,Ni,0.0824,0.01,0,1.2993
IN-26006,2026-02-09,500.0,50.0,3.11,184.7,6,Ar,0.03,GDMS,97.0,0.194,Ni,0.1139,0.01,0,1.2993
IN-26006,2026-02-09,500.0,50.0,3.11,184.7,6,Ar,0.03,GDMS,156.8,0.3135,Ni,0.2005,0.01,0,1.2993
IN-26006,2026-02-09,500.0,50.0,3.11,184.7,6,Ar,0.03,GDMS,224.1,0.4481,Ni,0.3591,0.01,0,1.2993
IN-26006,2026-02-09,500.0,50.0,3.11,184.7,6,Ar,0.03,GDMS,297.5,0.5951,Ni,0.4056,0.01,0,1.2993
IN-26006,2026-02-09,500.0,50.0,3.11,184.7,6,Ar,0.03,GDMS,376.4,0.7528,Ni,0.7661,0.01,0,1.2993
IN-26006,2026-02-09,500.0,50.0,3.11,184.7,6,Ar,0.03,GDMS,460.0,0.92,Ni,4.7133,0.01,0,1.2993
IN-26006,2026-02-09,500.0,50.0,3.11,184.7,6,Ar,0.03,GDMS,15.0,0.03,Sn,0.2455,0.005,0,1.7975
IN-26006,2026-02-09,500.0,50.0,3.11,184.7,6,Ar,0.03,GDMS,47.1,0.0943,Sn,0.3029,0.005,0,1.7975
IN-26006,2026-02-09,500.0,50.0,3.11,184.7,6,Ar,0.03,GDMS,97.0,0.194,Sn,0.5068,0.005,0,1.7975
IN-26006,2026-02-09,500.0,50.0,3.11,184.7,6,Ar,0.03,GDMS,156.8,0.3135,Sn,0.8066,0.005,0,1.7975
IN-26006,2026-02-09,500.0,50.0,3.11,184.7,6,Ar,0.03,GDMS,224.1,0.4481,Sn,1.0156,0.005,0,1.7975
IN-26006,2026-02-09,500.0,50.0,3.11,184.7,6,Ar,0.03,GDMS,297.5,0.5951,Sn,1.3189,0.005,0,1.7975
IN-26006,2026-02-09,500.0,50.0,3.11,184.7,6,Ar,0.03,GDMS,376.4,0.7528,Sn,1.2873,0.005,0,1.7975
IN-26006,2026-02-09,500.0,50.0,3.11,184.7,6,Ar,0.03,GDMS,460.0,0.92,Sn,4.6723,0.005,0,1.7975
IN-26007,2026-02-15,500.0,50.0,2.07,168.0,4,Ar,0.03,GDMS,15.0,0.03,Cu,<0.005,0.005,1,6.193
IN-26007,2026-02-15,500.0,50.0,2.07,168.0,4,Ar,0.03,GDMS,47.1,0.0943,Cu,<0.005,0.005,1,6.193
IN-26007,2026-02-15,500.0,50.0,2.07,168.0,4,Ar,0.03,GDMS,97.0,0.194,Cu,0.01,0.005,0,6.193
IN-26007,2026-02-15,500.0,50.0,2.07,168.0,4,Ar,0.03,GDMS,156.8,0.3135,Cu,0.0195,0.005,0,6.193
IN-26007,2026-02-15,500.0,50.0,2.07,168.0,4,Ar,0.03,GDMS,224.1,0.4481,Cu,0.0375,0.005,0,6.193
IN-26007,2026-02-15,500.0,50.0,2.07,168.0,4,Ar,0.03,GDMS,297.5,0.5951,Cu,0.0536,0.005,0,6.193
IN-26007,2026-02-15,500.0,50.0,2.07,168.0,4,Ar,0.03,GDMS,376.4,0.7528,Cu,0.0923,0.005,0,6.193
IN-26007,2026-02-15,500.0,50.0,2.07,168.0,4,Ar,0.03,GDMS,460.0,0.92,Cu,8.162,0.005,0,6.193
IN-26007,2026-02-15,500.0,50.0,2.07,168.0,4,Ar,0.03,GDMS,15.0,0.03,Fe,0.0313,0.01,0,3.491
IN-26007,2026-02-15,500.0,50.0,2.07,168.0,4,Ar,0.03,GDMS,47.1,0.0943,Fe,0.064,0.01,0,3.491
IN-26007,2026-02-15,500.0,50.0,2.07,168.0,4,Ar,0.03,GDMS,97.0,0.194,Fe,0.1132,0.01,0,3.491
IN-26007,2026-02-15,500.0,50.0,2.07,168.0,4,Ar,0.03,GDMS,156.8,0.3135,Fe,0.2071,0.01,0,3.491
IN-26007,2026-02-15,500.0,50.0,2.07,168.0,4,Ar,0.03,GDMS,224.1,0.4481,Fe,0.3551,0.01,0,3.491
IN-26007,2026-02-15,500.0,50.0,2.07,168.0,4,Ar,0.03,GDMS,297.5,0.5951,Fe,0.5329,0.01,0,3.491
IN-26007,2026-02-15,500.0,50.0,2.07,168.0,4,Ar,0.03,GDMS,376.4,0.7528,Fe,0.85,0.01,0,3.491
IN-26007,2026-02-15,500.0,50.0,2.07,168.0,4,Ar,0.03,GDMS,460.0,0.92,Fe,6.718,0.01,0,3.491
IN-26007,2026-02-15,500.0,50.0,2.07,168.0,4,Ar,0.03,GDMS,15.0,0.03,Ni,0.062,0.01,0,1.4649
IN-26007,2026-02-15,500.0,50.0,2.07,168.0,4,Ar,0.03,GDMS,47.1,0.0943,Ni,0.086,0.01,0,1.4649
IN-26007,2026-02-15,500.0,50.0,2.07,168.0,4,Ar,0.03,GDMS,97.0,0.194,Ni,0.1341,0.01,0,1.4649
IN-26007,2026-02-15,500.0,50.0,2.07,168.0,4,Ar,0.03,GDMS,156.8,0.3135,Ni,0.277,0.01,0,1.4649
IN-26007,2026-02-15,500.0,50.0,2.07,168.0,4,Ar,0.03,GDMS,224.1,0.4481,Ni,0.3497,0.01,0,1.4649
IN-26007,2026-02-15,500.0,50.0,2.07,168.0,4,Ar,0.03,GDMS,297.5,0.5951,Ni,0.6607,0.01,0,1.4649
IN-26007,2026-02-15,500.0,50.0,2.07,168.0,4,Ar,0.03,GDMS,376.4,0.7528,Ni,0.6379,0.01,0,1.4649
IN-26007,2026-02-15,500.0,50.0,2.07,168.0,4,Ar,0.03,GDMS,460.0,0.92,Ni,3.5668,0.01,0,1.4649
IN-26007,2026-02-15,500.0,50.0,2.07,168.0,4,Ar,0.03,GDMS,15.0,0.03,Sn,0.2435,0.005,0,2.2992
IN-26007,2026-02-15,500.0,50.0,2.07,168.0,4,Ar,0.03,GDMS,47.1,0.0943,Sn,0.3939,0.005,0,2.2992
IN-26007,2026-02-15,500.0,50.0,2.07,168.0,4,Ar,0.03,GDMS,97.0,0.194,Sn,0.6819,0.005,0,2.2992
IN-26007,2026-02-15,500.0,50.0,2.07,168.0,4,Ar,0.03,GDMS,156.8,0.3135,Sn,0.7915,0.005,0,2.2992
IN-26007,2026-02-15,500.0,50.0,2.07,168.0,4,Ar,0.03,GDMS,224.1,0.4481,Sn,1.1183,0.005,0,2.2992
IN-26007,2026-02-15,500.0,50.0,2.07,168.0,4,Ar,0.03,GDMS,297.5,0.5951,Sn,1.5764,0.005,0,2.2992
IN-26007,2026-02-15,500.0,50.0,2.07,168.0,4,Ar,0.03,GDMS,376.4,0.7528,Sn,1.5675,0.005,0,2.2992
IN-26007,2026-02-15,500.0,50.0,2.07,168.0,4,Ar,0.03,GDMS,460.0,0.92,Sn,5.2966,0.005,0,2.2992
IN-26008,2026-02-21,500.0,50.0,5.22,179.6,4,Ar,0.03,GDMS,460.0,0.92,Cu,0.1351,0.005,0,4.8705
IN-26008,2026-02-21,500.0,50.0,5.22,179.6,4,Ar,0.03,GDMS,427.9,0.8557,Cu,0.1978,0.005,0,4.8705
IN-26008,2026-02-21,500.0,50.0,5.22,179.6,4,Ar,0.03,GDMS,378.0,0.756,Cu,0.3576,0.005,0,4.8705
IN-26008,2026-02-21,500.0,50.0,5.22,179.6,4,Ar,0.03,GDMS,318.2,0.6365,Cu,0.6691,0.005,0,4.8705
IN-26008,2026-02-21,500.0,50.0,5.22,179.6,4,Ar,0.03,GDMS,251.0,0.5019,Cu,1.1883,0.005,0,4.8705
IN-26008,2026-02-21,500.0,50.0,5.22,179.6,4,Ar,0.03,GDMS,177.4,0.3549,Cu,1.1411,0.005,0,4.8705
IN-26008,2026-02-21,500.0,50.0,5.22,179.6,4,Ar,0.03,GDMS,98.6,0.1972,Cu,2.426,0.005,0,4.8705
IN-26008,2026-02-21,500.0,50.0,5.22,179.6,4,Ar,0.03,GDMS,15.0,0.03,Cu,16.5673,0.005,0,4.8705
IN-26008,2026-02-21,500.0,50.0,5.22,179.6,4,Ar,0.03,GDMS,460.0,0.92,Fe,0.4072,0.01,0,3.1812
IN-26008,2026-02-21,500.0,50.0,5.22,179.6,4,Ar,0.03,GDMS,427.9,0.8557,Fe,0.4831,0.01,0,3.1812
IN-26008,2026-02-21,500.0,50.0,5.22,179.6,4,Ar,0.03,GDMS,378.0,0.756,Fe,0.8498,0.01,0,3.1812
IN-26008,2026-02-21,500.0,50.0,5.22,179.6,4,Ar,0.03,GDMS,318.2,0.6365,Fe,1.203,0.01,0,3.1812
IN-26008,2026-02-21,500.0,50.0,5.22,179.6,4,Ar,0.03,GDMS,251.0,0.5019,Fe,1.6763,0.01,0,3.1812
IN-26008,2026-02-21,500.0,50.0,5.22,179.6,4,Ar,0.03,GDMS,177.4,0.3549,Fe,2.0569,0.01,0,3.1812
IN-26008,2026-02-21,500.0,50.0,5.22,179.6,4,Ar,0.03,GDMS,98.6,0.1972,Fe,2.4001,0.01,0,3.1812
IN-26008,2026-02-21,500.0,50.0,5.22,179.6,4,Ar,0.03,GDMS,15.0,0.03,Fe,7.6941,0.01,0,3.1812
IN-26008,2026-02-21,500.0,50.0,5.22,179.6,4,Ar,0.03,GDMS,460.0,0.92,Ni,0.3812,0.01,0,1.5426
IN-26008,2026-02-21,500.0,50.0,5.22,179.6,4,Ar,0.03,GDMS,427.9,0.8557,Ni,0.5011,0.01,0,1.5426
IN-26008,2026-02-21,500.0,50.0,5.22,179.6,4,Ar,0.03,GDMS,378.0,0.756,Ni,0.5697,0.01,0,1.5426
IN-26008,2026-02-21,500.0,50.0,5.22,179.6,4,Ar,0.03,GDMS,318.2,0.6365,Ni,0.7385,0.01,0,1.5426
IN-26008,2026-02-21,500.0,50.0,5.22,179.6,4,Ar,0.03,GDMS,251.0,0.5019,Ni,1.079,0.01,0,1.5426
IN-26008,2026-02-21,500.0,50.0,5.22,179.6,4,Ar,0.03,GDMS,177.4,0.3549,Ni,1.0443,0.01,0,1.5426
IN-26008,2026-02-21,500.0,50.0,5.22,179.6,4,Ar,0.03,GDMS,98.6,0.1972,Ni,1.4732,0.01,0,1.5426
IN-26008,2026-02-21,500.0,50.0,5.22,179.6,4,Ar,0.03,GDMS,15.0,0.03,Ni,3.2778,0.01,0,1.5426
IN-26008,2026-02-21,500.0,50.0,5.22,179.6,4,Ar,0.03,GDMS,460.0,0.92,Sn,0.5367,0.005,0,2.0877
IN-26008,2026-02-21,500.0,50.0,5.22,179.6,4,Ar,0.03,GDMS,427.9,0.8557,Sn,0.7611,0.005,0,2.0877
IN-26008,2026-02-21,500.0,50.0,5.22,179.6,4,Ar,0.03,GDMS,378.0,0.756,Sn,1.0861,0.005,0,2.0877
IN-26008,2026-02-21,500.0,50.0,5.22,179.6,4,Ar,0.03,GDMS,318.2,0.6365,Sn,1.4543,0.005,0,2.0877
IN-26008,2026-02-21,500.0,50.0,5.22,179.6,4,Ar,0.03,GDMS,251.0,0.5019,Sn,1.7572,0.005,0,2.0877
IN-26008,2026-02-21,500.0,50.0,5.22,179.6,4,Ar,0.03,GDMS,177.4,0.3549,Sn,1.7013,0.005,0,2.0877
IN-26008,2026-02-21,500.0,50.0,5.22,179.6,4,Ar,0.03,GDMS,98.6,0.1972,Sn,2.0323,0.005,0,2.0877
IN-26008,2026-02-21,500.0,50.0,5.22,179.6,4,Ar,0.03,GDMS,15.0,0.03,Sn,5.6338,0.005,0,2.0877
IN-26009,2026-03-03,500.0,50.0,3.59,174.2,4,Ar,0.03,GDMS,15.0,0.03,Cu,0.0189,0.005,0,4.5207
IN-26009,2026-03-03,500.0,50.0,3.59,174.2,4,Ar,0.03,GDMS,47.1,0.0943,Cu,0.0277,0.005,0,4.5207
IN-26009,2026-03-03,500.0,50.0,3.59,174.2,4,Ar,0.03,GDMS,97.0,0.194,Cu,0.0476,0.005,0,4.5207
IN-26009,2026-03-03,500.0,50.0,3.59,174.2,4,Ar,0.03,GDMS,156.8,0.3135,Cu,0.1253,0.005,0,4.5207
IN-26009,2026-03-03,500.0,50.0,3.59,174.2,4,Ar,0.03,GDMS,224.1,0.4481,Cu,0.1834,0.005,0,4.5207
IN-26009,2026-03-03,500.0,50.0,3.59,174.2,4,Ar,0.03,GDMS,297.5,0.5951,Cu,0.4098,0.005,0,4.5207
IN-26009,2026-03-03,500.0,50.0,3.59,174.2,4,Ar,0.03,GDMS,376.4,0.7528,Cu,0.5098,0.005,0,4.5207
IN-26009,2026-03-03,500.0,50.0,3.59,174.2,4,Ar,0.03,GDMS,460.0,0.92,Cu,10.6532,0.005,0,4.5207
IN-26009,2026-03-03,500.0,50.0,3.59,174.2,4,Ar,0.03,GDMS,15.0,0.03,Fe,0.1274,0.01,0,3.52
IN-26009,2026-03-03,500.0,50.0,3.59,174.2,4,Ar,0.03,GDMS,47.1,0.0943,Fe,0.2524,0.01,0,3.52
IN-26009,2026-03-03,500.0,50.0,3.59,174.2,4,Ar,0.03,GDMS,97.0,0.194,Fe,0.3709,0.01,0,3.52
IN-26009,2026-03-03,500.0,50.0,3.59,174.2,4,Ar,0.03,GDMS,156.8,0.3135,Fe,0.7063,0.01,0,3.52
IN-26009,2026-03-03,500.0,50.0,3.59,174.2,4,Ar,0.03,GDMS,224.1,0.4481,Fe,0.9144,0.01,0,3.52
IN-26009,2026-03-03,500.0,50.0,3.59,174.2,4,Ar,0.03,GDMS,297.5,0.5951,Fe,1.3295,0.01,0,3.52
IN-26009,2026-03-03,500.0,50.0,3.59,174.2,4,Ar,0.03,GDMS,376.4,0.7528,Fe,1.8706,0.01,0,3.52
IN-26009,2026-03-03,500.0,50.0,3.59,174.2,4,Ar,0.03,GDMS,460.0,0.92,Fe,11.3158,0.01,0,3.52
IN-26009,2026-03-03,500.0,50.0,3.59,174.2,4,Ar,0.03,GDMS,15.0,0.03,Ni,0.1642,0.01,0,1.6245
IN-26009,2026-03-03,500.0,50.0,3.59,174.2,4,Ar,0.03,GDMS,47.1,0.0943,Ni,0.2203,0.01,0,1.6245
IN-26009,2026-03-03,500.0,50.0,3.59,174.2,4,Ar,0.03,GDMS,97.0,0.194,Ni,0.3644,0.01,0,1.6245
IN-26009,2026-03-03,500.0,50.0,3.59,174.2,4,Ar,0.03,GDMS,156.8,0.3135,Ni,0.5703,0.01,0,1.6245
IN-26009,2026-03-03,500.0,50.0,3.59,174.2,4,Ar,0.03,GDMS,224.1,0.4481,Ni,0.6713,0.01,0,1.6245
IN-26009,2026-03-03,500.0,50.0,3.59,174.2,4,Ar,0.03,GDMS,297.5,0.5951,Ni,0.8845,0.01,0,1.6245
IN-26009,2026-03-03,500.0,50.0,3.59,174.2,4,Ar,0.03,GDMS,376.4,0.7528,Ni,1.295,0.01,0,1.6245
IN-26009,2026-03-03,500.0,50.0,3.59,174.2,4,Ar,0.03,GDMS,460.0,0.92,Ni,3.6205,0.01,0,1.6245
IN-26009,2026-03-03,500.0,50.0,3.59,174.2,4,Ar,0.03,GDMS,15.0,0.03,Sn,0.465,0.005,0,2.1709
IN-26009,2026-03-03,500.0,50.0,3.59,174.2,4,Ar,0.03,GDMS,47.1,0.0943,Sn,0.4795,0.005,0,2.1709
IN-26009,2026-03-03,500.0,50.0,3.59,174.2,4,Ar,0.03,GDMS,97.0,0.194,Sn,0.9624,0.005,0,2.1709
IN-26009,2026-03-03,500.0,50.0,3.59,174.2,4,Ar,0.03,GDMS,156.8,0.3135,Sn,1.2193,0.005,0,2.1709
IN-26009,2026-03-03,500.0,50.0,3.59,174.2,4,Ar,0.03,GDMS,224.1,0.4481,Sn,1.213,0.005,0,2.1709
IN-26009,2026-03-03,500.0,50.0,3.59,174.2,4,Ar,0.03,GDMS,297.5,0.5951,Sn,1.8235,0.005,0,2.1709
IN-26009,2026-03-03,500.0,50.0,3.59,174.2,4,Ar,0.03,GDMS,376.4,0.7528,Sn,1.9826,0.005,0,2.1709
IN-26009,2026-03-03,500.0,50.0,3.59,174.2,4,Ar,0.03,GDMS,460.0,0.92,Sn,4.2506,0.005,0,2.1709
IN-26010,2026-03-09,500.0,50.0,2.67,183.7,10,Ar,0.03,GDMS,15.0,0.03,Cu,<0.005,0.005,1,4.8153
IN-26010,2026-03-09,500.0,50.0,2.67,183.7,10,Ar,0.03,GDMS,47.1,0.0943,Cu,<0.005,0.005,1,4.8153
IN-26010,2026-03-09,500.0,50.0,2.67,183.7,10,Ar,0.03,GDMS,97.0,0.194,Cu,<0.005,0.005,1,4.8153
IN-26010,2026-03-09,500.0,50.0,2.67,183.7,10,Ar,0.03,GDMS,156.8,0.3135,Cu,<0.005,0.005,1,4.8153
IN-26010,2026-03-09,500.0,50.0,2.67,183.7,10,Ar,0.03,GDMS,224.1,0.4481,Cu,<0.005,0.005,1,4.8153
IN-26010,2026-03-09,500.0,50.0,2.67,183.7,10,Ar,0.03,GDMS,297.5,0.5951,Cu,<0.005,0.005,1,4.8153
IN-26010,2026-03-09,500.0,50.0,2.67,183.7,10,Ar,0.03,GDMS,376.4,0.7528,Cu,0.0179,0.005,0,4.8153
IN-26010,2026-03-09,500.0,50.0,2.67,183.7,10,Ar,0.03,GDMS,460.0,0.92,Cu,7.4191,0.005,0,4.8153
IN-26010,2026-03-09,500.0,50.0,2.67,183.7,10,Ar,0.03,GDMS,15.0,0.03,Fe,<0.01,0.01,1,3.2859
IN-26010,2026-03-09,500.0,50.0,2.67,183.7,10,Ar,0.03,GDMS,47.1,0.0943,Fe,<0.01,0.01,1,3.2859
IN-26010,2026-03-09,500.0,50.0,2.67,183.7,10,Ar,0.03,GDMS,97.0,0.194,Fe,<0.01,0.01,1,3.2859
IN-26010,2026-03-09,500.0,50.0,2.67,183.7,10,Ar,0.03,GDMS,156.8,0.3135,Fe,0.0133,0.01,0,3.2859
IN-26010,2026-03-09,500.0,50.0,2.67,183.7,10,Ar,0.03,GDMS,224.1,0.4481,Fe,0.0247,0.01,0,3.2859
IN-26010,2026-03-09,500.0,50.0,2.67,183.7,10,Ar,0.03,GDMS,297.5,0.5951,Fe,0.0592,0.01,0,3.2859
IN-26010,2026-03-09,500.0,50.0,2.67,183.7,10,Ar,0.03,GDMS,376.4,0.7528,Fe,0.2503,0.01,0,3.2859
IN-26010,2026-03-09,500.0,50.0,2.67,183.7,10,Ar,0.03,GDMS,460.0,0.92,Fe,9.644,0.01,0,3.2859
IN-26010,2026-03-09,500.0,50.0,2.67,183.7,10,Ar,0.03,GDMS,15.0,0.03,Ni,<0.01,0.01,1,1.3839
IN-26010,2026-03-09,500.0,50.0,2.67,183.7,10,Ar,0.03,GDMS,47.1,0.0943,Ni,0.0109,0.01,0,1.3839
IN-26010,2026-03-09,500.0,50.0,2.67,183.7,10,Ar,0.03,GDMS,97.0,0.194,Ni,0.0219,0.01,0,1.3839
IN-26010,2026-03-09,500.0,50.0,2.67,183.7,10,Ar,0.03,GDMS,156.8,0.3135,Ni,0.0464,0.01,0,1.3839
IN-26010,2026-03-09,500.0,50.0,2.67,183.7,10,Ar,0.03,GDMS,224.1,0.4481,Ni,0.0767,0.01,0,1.3839
IN-26010,2026-03-09,500.0,50.0,2.67,183.7,10,Ar,0.03,GDMS,297.5,0.5951,Ni,0.1058,0.01,0,1.3839
IN-26010,2026-03-09,500.0,50.0,2.67,183.7,10,Ar,0.03,GDMS,376.4,0.7528,Ni,0.3663,0.01,0,1.3839
IN-26010,2026-03-09,500.0,50.0,2.67,183.7,10,Ar,0.03,GDMS,460.0,0.92,Ni,5.1038,0.01,0,1.3839
IN-26010,2026-03-09,500.0,50.0,2.67,183.7,10,Ar,0.03,GDMS,15.0,0.03,Sn,0.065,0.005,0,2.074
IN-26010,2026-03-09,500.0,50.0,2.67,183.7,10,Ar,0.03,GDMS,47.1,0.0943,Sn,0.0944,0.005,0,2.074
IN-26010,2026-03-09,500.0,50.0,2.67,183.7,10,Ar,0.03,GDMS,97.0,0.194,Sn,0.1679,0.005,0,2.074
IN-26010,2026-03-09,500.0,50.0,2.67,183.7,10,Ar,0.03,GDMS,156.8,0.3135,Sn,0.3124,0.005,0,2.074
IN-26010,2026-03-09,500.0,50.0,2.67,183.7,10,Ar,0.03,GDMS,224.1,0.4481,Sn,0.4602,0.005,0,2.074
IN-26010,2026-03-09,500.0,50.0,2.67,183.7,10,Ar,0.03,GDMS,297.5,0.5951,Sn,0.6294,0.005,0,2.074
IN-26010,2026-03-09,500.0,50.0,2.67,183.7,10,Ar,0.03,GDMS,376.4,0.7528,Sn,1.4957,0.005,0,2.074
IN-26010,2026-03-09,500.0,50.0,2.67,183.7,10,Ar,0.03,GDMS,460.0,0.92,Sn,7.4419,0.005,0,2.074
IN-26011,2026-03-15,500.0,50.0,1.36,177.6,10,Ar,0.03,GDMS,15.0,0.03,Cu,<0.005,0.005,1,4.5379
IN-26011,2026-03-15,500.0,50.0,1.36,177.6,10,Ar,0.03,GDMS,47.1,0.0943,Cu,<0.005,0.005,1,4.5379
IN-26011,2026-03-15,500.0,50.0,1.36,177.6,10,Ar,0.03,GDMS,97.0,0.194,Cu,<0.005,0.005,1,4.5379
IN-26011,2026-03-15,500.0,50.0,1.36,177.6,10,Ar,0.03,GDMS,156.8,0.3135,Cu,<0.005,0.005,1,4.5379
IN-26011,2026-03-15,500.0,50.0,1.36,177.6,10,Ar,0.03,GDMS,224.1,0.4481,Cu,<0.005,0.005,1,4.5379
IN-26011,2026-03-15,500.0,50.0,1.36,177.6,10,Ar,0.03,GDMS,297.5,0.5951,Cu,<0.005,0.005,1,4.5379
IN-26011,2026-03-15,500.0,50.0,1.36,177.6,10,Ar,0.03,GDMS,376.4,0.7528,Cu,<0.005,0.005,1,4.5379
IN-26011,2026-03-15,500.0,50.0,1.36,177.6,10,Ar,0.03,GDMS,460.0,0.92,Cu,3.656,0.005,0,4.5379
IN-26011,2026-03-15,500.0,50.0,1.36,177.6,10,Ar,0.03,GDMS,15.0,0.03,Fe,<0.01,0.01,1,2.8946
IN-26011,2026-03-15,500.0,50.0,1.36,177.6,10,Ar,0.03,GDMS,47.1,0.0943,Fe,<0.01,0.01,1,2.8946
IN-26011,2026-03-15,500.0,50.0,1.36,177.6,10,Ar,0.03,GDMS,97.0,0.194,Fe,<0.01,0.01,1,2.8946
IN-26011,2026-03-15,500.0,50.0,1.36,177.6,10,Ar,0.03,GDMS,156.8,0.3135,Fe,<0.01,0.01,1,2.8946
IN-26011,2026-03-15,500.0,50.0,1.36,177.6,10,Ar,0.03,GDMS,224.1,0.4481,Fe,<0.01,0.01,1,2.8946
IN-26011,2026-03-15,500.0,50.0,1.36,177.6,10,Ar,0.03,GDMS,297.5,0.5951,Fe,<0.01,0.01,1,2.8946
IN-26011,2026-03-15,500.0,50.0,1.36,177.6,10,Ar,0.03,GDMS,376.4,0.7528,Fe,0.0611,0.01,0,2.8946
IN-26011,2026-03-15,500.0,50.0,1.36,177.6,10,Ar,0.03,GDMS,460.0,0.92,Fe,5.5248,0.01,0,2.8946
IN-26011,2026-03-15,500.0,50.0,1.36,177.6,10,Ar,0.03,GDMS,15.0,0.03,Ni,<0.01,0.01,1,1.5435
IN-26011,2026-03-15,500.0,50.0,1.36,177.6,10,Ar,0.03,GDMS,47.1,0.0943,Ni,<0.01,0.01,1,1.5435
IN-26011,2026-03-15,500.0,50.0,1.36,177.6,10,Ar,0.03,GDMS,97.0,0.194,Ni,<0.01,0.01,1,1.5435
IN-26011,2026-03-15,500.0,50.0,1.36,177.6,10,Ar,0.03,GDMS,156.8,0.3135,Ni,<0.01,0.01,1,1.5435
IN-26011,2026-03-15,500.0,50.0,1.36,177.6,10,Ar,0.03,GDMS,224.1,0.4481,Ni,0.0168,0.01,0,1.5435
IN-26011,2026-03-15,500.0,50.0,1.36,177.6,10,Ar,0.03,GDMS,297.5,0.5951,Ni,0.0331,0.01,0,1.5435
IN-26011,2026-03-15,500.0,50.0,1.36,177.6,10,Ar,0.03,GDMS,376.4,0.7528,Ni,0.1589,0.01,0,1.5435
IN-26011,2026-03-15,500.0,50.0,1.36,177.6,10,Ar,0.03,GDMS,460.0,0.92,Ni,3.8085,0.01,0,1.5435
IN-26011,2026-03-15,500.0,50.0,1.36,177.6,10,Ar,0.03,GDMS,15.0,0.03,Sn,0.0224,0.005,0,1.7067
IN-26011,2026-03-15,500.0,50.0,1.36,177.6,10,Ar,0.03,GDMS,47.1,0.0943,Sn,0.0299,0.005,0,1.7067
IN-26011,2026-03-15,500.0,50.0,1.36,177.6,10,Ar,0.03,GDMS,97.0,0.194,Sn,0.056,0.005,0,1.7067
IN-26011,2026-03-15,500.0,50.0,1.36,177.6,10,Ar,0.03,GDMS,156.8,0.3135,Sn,0.1308,0.005,0,1.7067
IN-26011,2026-03-15,500.0,50.0,1.36,177.6,10,Ar,0.03,GDMS,224.1,0.4481,Sn,0.2064,0.005,0,1.7067
IN-26011,2026-03-15,500.0,50.0,1.36,177.6,10,Ar,0.03,GDMS,297.5,0.5951,Sn,0.3205,0.005,0,1.7067
IN-26011,2026-03-15,500.0,50.0,1.36,177.6,10,Ar,0.03,GDMS,376.4,0.7528,Sn,0.8707,0.005,0,1.7067
IN-26011,2026-03-15,500.0,50.0,1.36,177.6,10,Ar,0.03,GDMS,460.0,0.92,Sn,7.4126,0.005,0,1.7067
IN-26012,2026-03-21,500.0,50.0,5.96,169.1,6,Ar,0.03,GDMS,15.0,0.03,Cu,0.0606,0.005,0,4.9309
IN-26012,2026-03-21,500.0,50.0,5.96,169.1,6,Ar,0.03,GDMS,47.1,0.0943,Cu,0.0917,0.005,0,4.9309
IN-26012,2026-03-21,500.0,50.0,5.96,169.1,6,Ar,0.03,GDMS,97.0,0.194,Cu,0.1598,0.005,0,4.9309
IN-26012,2026-03-21,500.0,50.0,5.96,169.1,6,Ar,0.03,GDMS,156.8,0.3135,Cu,0.4279,0.005,0,4.9309
IN-26012,2026-03-21,500.0,50.0,5.96,169.1,6,Ar,0.03,GDMS,224.1,0.4481,Cu,0.6552,0.005,0,4.9309
IN-26012,2026-03-21,500.0,50.0,5.96,169.1,6,Ar,0.03,GDMS,297.5,0.5951,Cu,0.8976,0.005,0,4.9309
IN-26012,2026-03-21,500.0,50.0,5.96,169.1,6,Ar,0.03,GDMS,376.4,0.7528,Cu,1.5944,0.005,0,4.9309
IN-26012,2026-03-21,500.0,50.0,5.96,169.1,6,Ar,0.03,GDMS,460.0,0.92,Cu,14.37,0.005,0,4.9309
IN-26012,2026-03-21,500.0,50.0,5.96,169.1,6,Ar,0.03,GDMS,15.0,0.03,Fe,0.2005,0.01,0,2.9745
IN-26012,2026-03-21,500.0,50.0,5.96,169.1,6,Ar,0.03,GDMS,47.1,0.0943,Fe,0.2725,0.01,0,2.9745
IN-26012,2026-03-21,500.0,50.0,5.96,169.1,6,Ar,0.03,GDMS,97.0,0.194,Fe,0.4137,0.01,0,2.9745
IN-26012,2026-03-21,500.0,50.0,5.96,169.1,6,Ar,0.03,GDMS,156.8,0.3135,Fe,0.7124,0.01,0,2.9745
IN-26012,2026-03-21,500.0,50.0,5.96,169.1,6,Ar,0.03,GDMS,224.1,0.4481,Fe,1.1755,0.01,0,2.9745
IN-26012,2026-03-21,500.0,50.0,5.96,169.1,6,Ar,0.03,GDMS,297.5,0.5951,Fe,1.3522,0.01,0,2.9745
IN-26012,2026-03-21,500.0,50.0,5.96,169.1,6,Ar,0.03,GDMS,376.4,0.7528,Fe,1.6006,0.01,0,2.9745
IN-26012,2026-03-21,500.0,50.0,5.96,169.1,6,Ar,0.03,GDMS,460.0,0.92,Fe,10.8165,0.01,0,2.9745
IN-26012,2026-03-21,500.0,50.0,5.96,169.1,6,Ar,0.03,GDMS,15.0,0.03,Ni,0.1776,0.01,0,1.7057
IN-26012,2026-03-21,500.0,50.0,5.96,169.1,6,Ar,0.03,GDMS,47.1,0.0943,Ni,0.2645,0.01,0,1.7057
IN-26012,2026-03-21,500.0,50.0,5.96,169.1,6,Ar,0.03,GDMS,97.0,0.194,Ni,0.382,0.01,0,1.7057
IN-26012,2026-03-21,500.0,50.0,5.96,169.1,6,Ar,0.03,GDMS,156.8,0.3135,Ni,0.8763,0.01,0,1.7057
IN-26012,2026-03-21,500.0,50.0,5.96,169.1,6,Ar,0.03,GDMS,224.1,0.4481,Ni,0.7217,0.01,0,1.7057
IN-26012,2026-03-21,500.0,50.0,5.96,169.1,6,Ar,0.03,GDMS,297.5,0.5951,Ni,1.1335,0.01,0,1.7057
IN-26012,2026-03-21,500.0,50.0,5.96,169.1,6,Ar,0.03,GDMS,376.4,0.7528,Ni,1.7172,0.01,0,1.7057
IN-26012,2026-03-21,500.0,50.0,5.96,169.1,6,Ar,0.03,GDMS,460.0,0.92,Ni,4.3058,0.01,0,1.7057
IN-26012,2026-03-21,500.0,50.0,5.96,169.1,6,Ar,0.03,GDMS,15.0,0.03,Sn,0.3792,0.005,0,1.8557
IN-26012,2026-03-21,500.0,50.0,5.96,169.1,6,Ar,0.03,GDMS,47.1,0.0943,Sn,0.4833,0.005,0,1.8557
IN-26012,2026-03-21,500.0,50.0,5.96,169.1,6,Ar,0.03,GDMS,97.0,0.194,Sn,0.6658,0.005,0,1.8557
IN-26012,2026-03-21,500.0,50.0,5.96,169.1,6,Ar,0.03,GDMS,156.8,0.3135,Sn,0.898,0.005,0,1.8557
IN-26012,2026-03-21,500.0,50.0,5.96,169.1,6,Ar,0.03,GDMS,224.1,0.4481,Sn,0.897,0.005,0,1.8557
IN-26012,2026-03-21,500.0,50.0,5.96,169.1,6,Ar,0.03,GDMS,297.5,0.5951,Sn,1.3461,0.005,0,1.8557
IN-26012,2026-03-21,500.0,50.0,5.96,169.1,6,Ar,0.03,GDMS,376.4,0.7528,Sn,1.7393,0.005,0,1.8557
IN-26012,2026-03-21,500.0,50.0,5.96,169.1,6,Ar,0.03,GDMS,460.0,0.92,Sn,4.9963,0.005,0,1.8557
